  CREATE TABLE "OOP"."AIRPORT" 
   (	"AIRPORTCODE" VARCHAR2(6 BYTE), 
	"NAME" VARCHAR2(30 BYTE), 
	"NATION" VARCHAR2(30 BYTE), 
	"CITY" VARCHAR2(30 BYTE), 
	 CONSTRAINT "AIRPORT_AIRPORTCODE_PK" PRIMARY KEY ("AIRPORTCODE")
  USING INDEX PCTFREE 10 INITRANS 2 MAXTRANS 255 COMPUTE STATISTICS 
  STORAGE(INITIAL 65536 NEXT 1048576 MINEXTENTS 1 MAXEXTENTS 2147483645
  PCTINCREASE 0 FREELISTS 1 FREELIST GROUPS 1 BUFFER_POOL DEFAULT FLASH_CACHE DEFAULT CELL_FLASH_CACHE DEFAULT)
  TABLESPACE "USERS"  ENABLE
   ) SEGMENT CREATION IMMEDIATE 
  PCTFREE 10 PCTUSED 40 INITRANS 1 MAXTRANS 255 NOCOMPRESS LOGGING
  STORAGE(INITIAL 65536 NEXT 1048576 MINEXTENTS 1 MAXEXTENTS 2147483645
  PCTINCREASE 0 FREELISTS 1 FREELIST GROUPS 1 BUFFER_POOL DEFAULT FLASH_CACHE DEFAULT CELL_FLASH_CACHE DEFAULT)
  TABLESPACE "USERS" ;
  ---------------------------------------------
    CREATE TABLE "OOP"."AIRLINE" 
   (	"AIRLINECODE" VARCHAR2(15 BYTE),
	"DEP_AIRPORT" VARCHAR2(6 BYTE), 
	"ARR_AIRPORT" VARCHAR2(6 BYTE), 
	"DISTANCE" NUMBER(4,0), 
	"DURATION" NUMBER(3,0), 
	"MILEAGE" NUMBER(4,0), 
	 CONSTRAINT "AIRLINE_AIRLINECODE_PK" PRIMARY KEY ("AIRLINECODE")
  USING INDEX PCTFREE 10 INITRANS 2 MAXTRANS 255 COMPUTE STATISTICS 
  STORAGE(INITIAL 65536 NEXT 1048576 MINEXTENTS 1 MAXEXTENTS 2147483645
  PCTINCREASE 0 FREELISTS 1 FREELIST GROUPS 1 BUFFER_POOL DEFAULT FLASH_CACHE DEFAULT CELL_FLASH_CACHE DEFAULT)
  TABLESPACE "USERS"  ENABLE, 
	 CONSTRAINT "AIRLINE_DEP_AIRPORT_FK" FOREIGN KEY ("DEP_AIRPORT")
	  REFERENCES "OOP"."AIRPORT" ("AIRPORTCODE") ENABLE, 
	 CONSTRAINT "AIRLINE_ARR_AIRPORT_FK" FOREIGN KEY ("ARR_AIRPORT")
	  REFERENCES "OOP"."AIRPORT" ("AIRPORTCODE") ENABLE
   ) SEGMENT CREATION IMMEDIATE 
  PCTFREE 10 PCTUSED 40 INITRANS 1 MAXTRANS 255 NOCOMPRESS LOGGING
  STORAGE(INITIAL 65536 NEXT 1048576 MINEXTENTS 1 MAXEXTENTS 2147483645
  PCTINCREASE 0 FREELISTS 1 FREELIST GROUPS 1 BUFFER_POOL DEFAULT FLASH_CACHE DEFAULT CELL_FLASH_CACHE DEFAULT)
  TABLESPACE "USERS" ;
  ------------------------------------------------
    CREATE TABLE "OOP"."DISCOUNT" 
   (	"DISC" NUMBER(5,0), 
	"DISCNAME" VARCHAR2(15 BYTE), 
	"DISCRATE" NUMBER(5,0), 
	"DISCCONTENT" VARCHAR2(20 BYTE), 
	 CONSTRAINT "DISCOUNT_DISC_PK" PRIMARY KEY ("DISC")
  USING INDEX PCTFREE 10 INITRANS 2 MAXTRANS 255 COMPUTE STATISTICS 
  STORAGE(INITIAL 65536 NEXT 1048576 MINEXTENTS 1 MAXEXTENTS 2147483645
  PCTINCREASE 0 FREELISTS 1 FREELIST GROUPS 1 BUFFER_POOL DEFAULT FLASH_CACHE DEFAULT CELL_FLASH_CACHE DEFAULT)
  TABLESPACE "USERS"  ENABLE
   ) SEGMENT CREATION IMMEDIATE 
  PCTFREE 10 PCTUSED 40 INITRANS 1 MAXTRANS 255 NOCOMPRESS LOGGING
  STORAGE(INITIAL 65536 NEXT 1048576 MINEXTENTS 1 MAXEXTENTS 2147483645
  PCTINCREASE 0 FREELISTS 1 FREELIST GROUPS 1 BUFFER_POOL DEFAULT FLASH_CACHE DEFAULT CELL_FLASH_CACHE DEFAULT)
  TABLESPACE "USERS" ;
  
  --------------------------------------------------
    CREATE TABLE "OOP"."FLIGHT" 
   (	"MODEL" VARCHAR2(20 BYTE), 
	"COMPANY" VARCHAR2(20 BYTE), 
	"TYPE" VARCHAR2(30 BYTE), 
	"SEAT" NUMBER(3,0), 
	 CONSTRAINT "FLIGHT_MODEL_PK" PRIMARY KEY ("MODEL")
  USING INDEX PCTFREE 10 INITRANS 2 MAXTRANS 255 COMPUTE STATISTICS 
  STORAGE(INITIAL 65536 NEXT 1048576 MINEXTENTS 1 MAXEXTENTS 2147483645
  PCTINCREASE 0 FREELISTS 1 FREELIST GROUPS 1 BUFFER_POOL DEFAULT FLASH_CACHE DEFAULT CELL_FLASH_CACHE DEFAULT)
  TABLESPACE "USERS"  ENABLE
   ) SEGMENT CREATION IMMEDIATE 
  PCTFREE 10 PCTUSED 40 INITRANS 1 MAXTRANS 255 NOCOMPRESS LOGGING
  STORAGE(INITIAL 65536 NEXT 1048576 MINEXTENTS 1 MAXEXTENTS 2147483645
  PCTINCREASE 0 FREELISTS 1 FREELIST GROUPS 1 BUFFER_POOL DEFAULT FLASH_CACHE DEFAULT CELL_FLASH_CACHE DEFAULT)
  TABLESPACE "USERS" ;
  
    --------------------------------------------------
	  CREATE TABLE "OOP"."GRADE" 
   (	"MBGRADE" VARCHAR2(5 BYTE), 
	"FBC" NUMBER(10,0), 
	"STAND" NUMBER(5,0), 
	"BORDGMIL" NUMBER(4,0), 
	 CONSTRAINT "MBGRADE_MBGRADE_PK" PRIMARY KEY ("MBGRADE")
  USING INDEX PCTFREE 10 INITRANS 2 MAXTRANS 255 COMPUTE STATISTICS 
  STORAGE(INITIAL 65536 NEXT 1048576 MINEXTENTS 1 MAXEXTENTS 2147483645
  PCTINCREASE 0 FREELISTS 1 FREELIST GROUPS 1 BUFFER_POOL DEFAULT FLASH_CACHE DEFAULT CELL_FLASH_CACHE DEFAULT)
  TABLESPACE "USERS"  ENABLE
   ) SEGMENT CREATION IMMEDIATE 
  PCTFREE 10 PCTUSED 40 INITRANS 1 MAXTRANS 255 NOCOMPRESS LOGGING
  STORAGE(INITIAL 65536 NEXT 1048576 MINEXTENTS 1 MAXEXTENTS 2147483645
  PCTINCREASE 0 FREELISTS 1 FREELIST GROUPS 1 BUFFER_POOL DEFAULT FLASH_CACHE DEFAULT CELL_FLASH_CACHE DEFAULT)
  TABLESPACE "USERS" ;
	--------------------------------------------------
	  CREATE TABLE "OOP"."MID_RESERVE" 
   (	"RESERVEDAY" VARCHAR2(20 BYTE), 
	"SCHEDULECODE" VARCHAR2(20 BYTE), 
	"PEOPLE" NUMBER(2,0), 
	"ID" VARCHAR2(20 BYTE), 
	"RESERVEDATE" DATE
   ) SEGMENT CREATION IMMEDIATE 
  PCTFREE 10 PCTUSED 40 INITRANS 1 MAXTRANS 255 NOCOMPRESS LOGGING
  STORAGE(INITIAL 65536 NEXT 1048576 MINEXTENTS 1 MAXEXTENTS 2147483645
  PCTINCREASE 0 FREELISTS 1 FREELIST GROUPS 1 BUFFER_POOL DEFAULT FLASH_CACHE DEFAULT CELL_FLASH_CACHE DEFAULT)
  TABLESPACE "USERS" ;  
  
	--------------------------------------------------  
	  CREATE TABLE "OOP"."MEMBERS" 
   (	"MBNUM" VARCHAR2(10 BYTE) NOT NULL ENABLE, 
	"MBID" VARCHAR2(15 BYTE), 
	"MBPW" VARCHAR2(10 BYTE) NOT NULL ENABLE, 
	"MBNAME" VARCHAR2(20 BYTE), 
	"MBBIRTH" DATE, 
	"MBGEN" VARCHAR2(10 BYTE), 
	"MBTEL" VARCHAR2(12 BYTE), 
	"MBEMAIL" VARCHAR2(100 BYTE), 
	"MBZIP" VARCHAR2(8 BYTE), 
	"MBADDR" VARCHAR2(200 BYTE), 
	"MBADDR2" VARCHAR2(200 BYTE), 
	"MBMILIEGE" NUMBER(5,0), 
	"MBGRADE" VARCHAR2(5 BYTE), 
	"MBDROP" VARCHAR2(5 BYTE), 
	 CONSTRAINT "MEMBERS_MBID_PK" PRIMARY KEY ("MBID")
  USING INDEX PCTFREE 10 INITRANS 2 MAXTRANS 255 COMPUTE STATISTICS 
  STORAGE(INITIAL 65536 NEXT 1048576 MINEXTENTS 1 MAXEXTENTS 2147483645
  PCTINCREASE 0 FREELISTS 1 FREELIST GROUPS 1 BUFFER_POOL DEFAULT FLASH_CACHE DEFAULT CELL_FLASH_CACHE DEFAULT)
  TABLESPACE "USERS"  ENABLE, 
	 CONSTRAINT "MEMBERS_MBGRADE_FK" FOREIGN KEY ("MBGRADE")
	  REFERENCES "OOP"."GRADE" ("MBGRADE") ENABLE
   ) SEGMENT CREATION IMMEDIATE 
  PCTFREE 10 PCTUSED 40 INITRANS 1 MAXTRANS 255 NOCOMPRESS LOGGING
  STORAGE(INITIAL 65536 NEXT 1048576 MINEXTENTS 1 MAXEXTENTS 2147483645
  PCTINCREASE 0 FREELISTS 1 FREELIST GROUPS 1 BUFFER_POOL DEFAULT FLASH_CACHE DEFAULT CELL_FLASH_CACHE DEFAULT)
  TABLESPACE "USERS" ;
	--------------------------------------------------
	  CREATE TABLE "OOP"."USE_FLIGHT" 
   (	"FLIGHTCODE" VARCHAR2(8 BYTE), 
	"MODEL" VARCHAR2(20 BYTE), 
	 CONSTRAINT "USE_FLIGHT_FLIGHTCODE_PK" PRIMARY KEY ("FLIGHTCODE")
  USING INDEX PCTFREE 10 INITRANS 2 MAXTRANS 255 COMPUTE STATISTICS 
  STORAGE(INITIAL 65536 NEXT 1048576 MINEXTENTS 1 MAXEXTENTS 2147483645
  PCTINCREASE 0 FREELISTS 1 FREELIST GROUPS 1 BUFFER_POOL DEFAULT FLASH_CACHE DEFAULT CELL_FLASH_CACHE DEFAULT)
  TABLESPACE "USERS"  ENABLE, 
	 CONSTRAINT "USE_FLIGHT_MODEL_FK" FOREIGN KEY ("MODEL")
	  REFERENCES "OOP"."FLIGHT" ("MODEL") ENABLE
   ) SEGMENT CREATION IMMEDIATE 
  PCTFREE 10 PCTUSED 40 INITRANS 1 MAXTRANS 255 NOCOMPRESS LOGGING
  STORAGE(INITIAL 65536 NEXT 1048576 MINEXTENTS 1 MAXEXTENTS 2147483645
  PCTINCREASE 0 FREELISTS 1 FREELIST GROUPS 1 BUFFER_POOL DEFAULT FLASH_CACHE DEFAULT CELL_FLASH_CACHE DEFAULT)
  TABLESPACE "USERS" ;
	--------------------------------------------------
	  CREATE TABLE "OOP"."SEAT" 
   (	"SCHEDULECODE" VARCHAR2(10 BYTE), 
	"RESDATE" VARCHAR2(10 BYTE), 
	"SEATNUM" VARCHAR2(10 BYTE)
   ) SEGMENT CREATION DEFERRED 
  PCTFREE 10 PCTUSED 40 INITRANS 1 MAXTRANS 255 NOCOMPRESS LOGGING
  TABLESPACE "USERS" ;
	
	--------------------------------------------------
	  CREATE TABLE "OOP"."BBS" 
   (	"BBSNO" NUMBER(5,0), 
	"BBSCATEGORY" VARCHAR2(30 BYTE) NOT NULL ENABLE, 
	"BBSTITLE" VARCHAR2(50 BYTE) NOT NULL ENABLE, 
	"BBSWRITER" VARCHAR2(20 BYTE) NOT NULL ENABLE, 
	"BBSDATE" DATE NOT NULL ENABLE, 
	"BBSCONTENTS" CLOB, 
	 CONSTRAINT "BBS_BBSNO_PK" PRIMARY KEY ("BBSNO")
  USING INDEX PCTFREE 10 INITRANS 2 MAXTRANS 255 COMPUTE STATISTICS 
  STORAGE(INITIAL 65536 NEXT 1048576 MINEXTENTS 1 MAXEXTENTS 2147483645
  PCTINCREASE 0 FREELISTS 1 FREELIST GROUPS 1 BUFFER_POOL DEFAULT FLASH_CACHE DEFAULT CELL_FLASH_CACHE DEFAULT)
  TABLESPACE "USERS"  ENABLE
   ) SEGMENT CREATION IMMEDIATE 
  PCTFREE 10 PCTUSED 40 INITRANS 1 MAXTRANS 255 NOCOMPRESS LOGGING
  STORAGE(INITIAL 65536 NEXT 1048576 MINEXTENTS 1 MAXEXTENTS 2147483645
  PCTINCREASE 0 FREELISTS 1 FREELIST GROUPS 1 BUFFER_POOL DEFAULT FLASH_CACHE DEFAULT CELL_FLASH_CACHE DEFAULT)
  TABLESPACE "USERS" 
 LOB ("BBSCONTENTS") STORE AS BASICFILE (
  TABLESPACE "USERS" ENABLE STORAGE IN ROW CHUNK 8192 RETENTION 
  NOCACHE LOGGING 
  STORAGE(INITIAL 65536 NEXT 1048576 MINEXTENTS 1 MAXEXTENTS 2147483645
  PCTINCREASE 0 FREELISTS 1 FREELIST GROUPS 1 BUFFER_POOL DEFAULT FLASH_CACHE DEFAULT CELL_FLASH_CACHE DEFAULT)) ;
	--------------------------------------------------
	  CREATE TABLE "OOP"."RESERVE" 
   (	"RESERVENUM" VARCHAR2(10 BYTE), 
	"MBID" VARCHAR2(15 BYTE), 
	"RESDATE" DATE, 
	"PRICE" NUMBER(10,0), 
	"INWONS" NUMBER(5,0), 
	 CONSTRAINT "RESERVE_RESERVENUM_PK" PRIMARY KEY ("RESERVENUM")
  USING INDEX PCTFREE 10 INITRANS 2 MAXTRANS 255 COMPUTE STATISTICS 
  STORAGE(INITIAL 65536 NEXT 1048576 MINEXTENTS 1 MAXEXTENTS 2147483645
  PCTINCREASE 0 FREELISTS 1 FREELIST GROUPS 1 BUFFER_POOL DEFAULT FLASH_CACHE DEFAULT CELL_FLASH_CACHE DEFAULT)
  TABLESPACE "USERS"  ENABLE, 
	 CONSTRAINT "MEMBERS_MBID_FK" FOREIGN KEY ("MBID")
	  REFERENCES "OOP"."MEMBERS" ("MBID") ENABLE
   ) SEGMENT CREATION IMMEDIATE 
  PCTFREE 10 PCTUSED 40 INITRANS 1 MAXTRANS 255 NOCOMPRESS LOGGING
  STORAGE(INITIAL 65536 NEXT 1048576 MINEXTENTS 1 MAXEXTENTS 2147483645
  PCTINCREASE 0 FREELISTS 1 FREELIST GROUPS 1 BUFFER_POOL DEFAULT FLASH_CACHE DEFAULT CELL_FLASH_CACHE DEFAULT)
  TABLESPACE "USERS" ;
	--------------------------------------------------
	
  CREATE TABLE "OOP"."SCHEDULE" 
   (	"SCHEDULECODE" VARCHAR2(10 BYTE), 
	"FLIGHTCODE" VARCHAR2(8 BYTE), 
	"AIRLINECODE" VARCHAR2(15 BYTE), 
	"ARR_TIME" VARCHAR2(10 BYTE), 
	"DEP_TIME" VARCHAR2(10 BYTE), 
	"COST" NUMBER(7,0), 
	 CONSTRAINT "SCHEDULE_SCHEDULECODE_PK" PRIMARY KEY ("SCHEDULECODE")
  USING INDEX PCTFREE 10 INITRANS 2 MAXTRANS 255 COMPUTE STATISTICS 
  STORAGE(INITIAL 65536 NEXT 1048576 MINEXTENTS 1 MAXEXTENTS 2147483645
  PCTINCREASE 0 FREELISTS 1 FREELIST GROUPS 1 BUFFER_POOL DEFAULT FLASH_CACHE DEFAULT CELL_FLASH_CACHE DEFAULT)
  TABLESPACE "USERS"  ENABLE, 
	 CONSTRAINT "SCHEDULE_FLIGHTCODE_FK" FOREIGN KEY ("FLIGHTCODE")
	  REFERENCES "OOP"."USE_FLIGHT" ("FLIGHTCODE") ENABLE, 
	 CONSTRAINT "SCHEDULE_AIRLINECODE_FK" FOREIGN KEY ("AIRLINECODE")
	  REFERENCES "OOP"."AIRLINE" ("AIRLINECODE") ENABLE
   ) SEGMENT CREATION IMMEDIATE 
  PCTFREE 10 PCTUSED 40 INITRANS 1 MAXTRANS 255 NOCOMPRESS LOGGING
  STORAGE(INITIAL 65536 NEXT 1048576 MINEXTENTS 1 MAXEXTENTS 2147483645
  PCTINCREASE 0 FREELISTS 1 FREELIST GROUPS 1 BUFFER_POOL DEFAULT FLASH_CACHE DEFAULT CELL_FLASH_CACHE DEFAULT)
  TABLESPACE "USERS" ;
 
	--------------------------------------------------
	
  CREATE TABLE "OOP"."TICKET" 
   (	"TICKETNUM" VARCHAR2(10 BYTE), 
	"RESERVENUM" VARCHAR2(10 BYTE), 
	"SEATNUM" VARCHAR2(10 BYTE), 
	"SCHEDULECODE" VARCHAR2(10 BYTE), 
	"RESDATE" DATE, 
	"NAME" VARCHAR2(30 BYTE), 
	"SORT" VARCHAR2(10 BYTE), 
	"MBNUM" VARCHAR2(10 BYTE), 
	"DEPARTUREDATE" DATE, 
	"DISCOUNT" VARCHAR2(60 BYTE), 
	"COST" NUMBER(10,0), 
	 PRIMARY KEY ("TICKETNUM")
  USING INDEX PCTFREE 10 INITRANS 2 MAXTRANS 255 COMPUTE STATISTICS 
  STORAGE(INITIAL 65536 NEXT 1048576 MINEXTENTS 1 MAXEXTENTS 2147483645
  PCTINCREASE 0 FREELISTS 1 FREELIST GROUPS 1 BUFFER_POOL DEFAULT FLASH_CACHE DEFAULT CELL_FLASH_CACHE DEFAULT)
  TABLESPACE "USERS"  ENABLE, 
	 CONSTRAINT "TICKET_RESERVENUM_FK" FOREIGN KEY ("RESERVENUM")
	  REFERENCES "OOP"."RESERVE" ("RESERVENUM") ENABLE, 
	 CONSTRAINT "TICKET_SCHEDULECODE_FK" FOREIGN KEY ("SCHEDULECODE")
	  REFERENCES "OOP"."SCHEDULE" ("SCHEDULECODE") ENABLE
   ) SEGMENT CREATION IMMEDIATE 
  PCTFREE 10 PCTUSED 40 INITRANS 1 MAXTRANS 255 NOCOMPRESS LOGGING
  STORAGE(INITIAL 65536 NEXT 1048576 MINEXTENTS 1 MAXEXTENTS 2147483645
  PCTINCREASE 0 FREELISTS 1 FREELIST GROUPS 1 BUFFER_POOL DEFAULT FLASH_CACHE DEFAULT CELL_FLASH_CACHE DEFAULT)
  TABLESPACE "USERS" ;
  
  -----------------------시퀀스-----------------
  CREATE SEQUENCE  "OOP"."RESERVENUM_AUTO"  MINVALUE 1 MAXVALUE 99999999 INCREMENT BY 1 START WITH 17523261 CACHE 20 NOORDER  NOCYCLE ;
  CREATE SEQUENCE  "OOP"."TICKETNUM_AUTO"  MINVALUE 1 MAXVALUE 99999999 INCREMENT BY 1 START WITH 17523261 CACHE 20 NOORDER  NOCYCLE ;
  CREATE SEQUENCE  "OOP"."NUM_AUTO"  MINVALUE 1 MAXVALUE 99999999 INCREMENT BY 1 START WITH 17523261 CACHE 20 NOORDER  NOCYCLE ;
 CREATE SEQUENCE  "OOP"."BBSNO_AUTO"  MINVALUE 1 MAXVALUE 99999999 INCREMENT BY 1 START WITH 1 CACHE 20 NOORDER  NOCYCLE ;
 
  
  -----------------데이터 입력-------------------------
  INSERT INTO FLIGHT VALUES ('B737-700', 'Boeing', '제트 여객기', 132);
  INSERT INTO FLIGHT VALUES ('B737-800', 'Boeing', '제트 여객기', 164);

  INSERT INTO USE_FLIGHT VALUES ('HL7601', 'B737-700'); 
INSERT INTO USE_FLIGHT VALUES ('HL7602', 'B737-700'); 
INSERT INTO USE_FLIGHT VALUES ('HL7603', 'B737-700'); 
INSERT INTO USE_FLIGHT VALUES ('HL7604', 'B737-700'); 
INSERT INTO USE_FLIGHT VALUES ('HL7605', 'B737-800'); 
INSERT INTO USE_FLIGHT VALUES ('HL7606', 'B737-800'); 
INSERT INTO USE_FLIGHT VALUES ('HL7607', 'B737-800'); 
INSERT INTO USE_FLIGHT VALUES ('HL7608', 'B737-800'); 
INSERT INTO USE_FLIGHT VALUES ('HL7609', 'B737-800'); 
INSERT INTO USE_FLIGHT VALUES ('HL7610', 'B737-800'); 

INSERT INTO AIRPORT VALUES ('GMP', '김포국제공항', '대한민국', '서울');
INSERT INTO AIRPORT VALUES ('PUS', '김해국제공항', '대한민국', '부산');
INSERT INTO AIRPORT VALUES ('CJU', '제주국제공항', '대한민국', '제주');
  
INSERT INTO AIRLINE VALUES ('GMP_PUS', 'GMP', 'PUS', 400, 55, 100);
INSERT INTO AIRLINE VALUES ('PUS_GMP', 'PUS', 'GMP', 400, 55, 100);
INSERT INTO AIRLINE VALUES ('GMP_CJU', 'GMP', 'CJU', 560, 65, 100);
INSERT INTO AIRLINE VALUES ('CJU_GMP', 'CJU', 'GMP', 560, 65, 100);  

  
INSERT INTO GRADE VALUES('VIP',40,4000,200);
INSERT INTO GRADE VALUES('GOLD',30,2000,150);
INSERT INTO GRADE VALUES('SILV',25,1000,120);
INSERT INTO GRADE VALUES('GEN',20,0,100);

  
INSERT INTO DISCOUNT VALUES(101,'DISABLE1',50,'1~4급장애인');
INSERT INTO DISCOUNT VALUES(102,'DISABLE2',70,'5~6급장애인');
INSERT INTO DISCOUNT VALUES(201,'MERIT',70,'유공자');


Insert into SCHEDULE (SCHEDULECODE,FLIGHTCODE,AIRLINECODE,ARR_TIME,DEP_TIME,COST) values ('SI1201','HL7601','GMP_PUS','08:00','08:55',44200);
Insert into SCHEDULE (SCHEDULECODE,FLIGHTCODE,AIRLINECODE,ARR_TIME,DEP_TIME,COST) values ('SI1202','HL7602','PUS_GMP','09:00','09:55',44200);
Insert into SCHEDULE (SCHEDULECODE,FLIGHTCODE,AIRLINECODE,ARR_TIME,DEP_TIME,COST) values ('SI1203','HL7606','GMP_PUS','10:00','10:55',44200);
Insert into SCHEDULE (SCHEDULECODE,FLIGHTCODE,AIRLINECODE,ARR_TIME,DEP_TIME,COST) values ('SI1204','HL7605','PUS_GMP','10:00','10:55',44200);
Insert into SCHEDULE (SCHEDULECODE,FLIGHTCODE,AIRLINECODE,ARR_TIME,DEP_TIME,COST) values ('SI1205','HL7602','GMP_PUS','12:00','12:55',52000);
Insert into SCHEDULE (SCHEDULECODE,FLIGHTCODE,AIRLINECODE,ARR_TIME,DEP_TIME,COST) values ('SI1206','HL7601','PUS_GMP','11:00','11:55',52000);
Insert into SCHEDULE (SCHEDULECODE,FLIGHTCODE,AIRLINECODE,ARR_TIME,DEP_TIME,COST) values ('SI1207','HL7605','GMP_PUS','13:00','13:55',52000);
Insert into SCHEDULE (SCHEDULECODE,FLIGHTCODE,AIRLINECODE,ARR_TIME,DEP_TIME,COST) values ('SI1208','HL7606','PUS_GMP','14:00','14:55',41600);
Insert into SCHEDULE (SCHEDULECODE,FLIGHTCODE,AIRLINECODE,ARR_TIME,DEP_TIME,COST) values ('SI1209','HL7601','GMP_PUS','14:00','14:55',41600);
Insert into SCHEDULE (SCHEDULECODE,FLIGHTCODE,AIRLINECODE,ARR_TIME,DEP_TIME,COST) values ('SI1210','HL7602','PUS_GMP','15:00','15:55',41600);
Insert into SCHEDULE (SCHEDULECODE,FLIGHTCODE,AIRLINECODE,ARR_TIME,DEP_TIME,COST) values ('SI1211','HL7606','GMP_PUS','17:00','17:55',52000);
Insert into SCHEDULE (SCHEDULECODE,FLIGHTCODE,AIRLINECODE,ARR_TIME,DEP_TIME,COST) values ('SI1212','HL7605','PUS_GMP','16:00','16:55',41600);
Insert into SCHEDULE (SCHEDULECODE,FLIGHTCODE,AIRLINECODE,ARR_TIME,DEP_TIME,COST) values ('SI1213','HL7602','GMP_PUS','18:00','18:55',46800);
Insert into SCHEDULE (SCHEDULECODE,FLIGHTCODE,AIRLINECODE,ARR_TIME,DEP_TIME,COST) values ('SI1214','HL7601','PUS_GMP','17:00','17:55',52000);
Insert into SCHEDULE (SCHEDULECODE,FLIGHTCODE,AIRLINECODE,ARR_TIME,DEP_TIME,COST) values ('SI1215','HL7605','GMP_PUS','19:00','19:55',46800);
Insert into SCHEDULE (SCHEDULECODE,FLIGHTCODE,AIRLINECODE,ARR_TIME,DEP_TIME,COST) values ('SI1216','HL7606','PUS_GMP','20:00','20:55',46800);
Insert into SCHEDULE (SCHEDULECODE,FLIGHTCODE,AIRLINECODE,ARR_TIME,DEP_TIME,COST) values ('SI1217','HL7603','GMP_CJU','08:00','09:05',49300);
Insert into SCHEDULE (SCHEDULECODE,FLIGHTCODE,AIRLINECODE,ARR_TIME,DEP_TIME,COST) values ('SI1218','HL7604','CJU_GMP','09:00','10:05',49300);
Insert into SCHEDULE (SCHEDULECODE,FLIGHTCODE,AIRLINECODE,ARR_TIME,DEP_TIME,COST) values ('SI1219','HL7609','GMP_CJU','09:00','10:05',49300);
Insert into SCHEDULE (SCHEDULECODE,FLIGHTCODE,AIRLINECODE,ARR_TIME,DEP_TIME,COST) values ('SI1220','HL7607','CJU_GMP','10:00','11:05',49300);
Insert into SCHEDULE (SCHEDULECODE,FLIGHTCODE,AIRLINECODE,ARR_TIME,DEP_TIME,COST) values ('SI1221','HL7610','GMP_CJU','10:00','11:05',49300);
Insert into SCHEDULE (SCHEDULECODE,FLIGHTCODE,AIRLINECODE,ARR_TIME,DEP_TIME,COST) values ('SI1222','HL7603','CJU_GMP','11:00','12:05',58000);
Insert into SCHEDULE (SCHEDULECODE,FLIGHTCODE,AIRLINECODE,ARR_TIME,DEP_TIME,COST) values ('SI1223','HL7608','GMP_CJU','11:00','12:05',58000);
Insert into SCHEDULE (SCHEDULECODE,FLIGHTCODE,AIRLINECODE,ARR_TIME,DEP_TIME,COST) values ('SI1224','HL7609','CJU_GMP','12:00','13:05',58000);
Insert into SCHEDULE (SCHEDULECODE,FLIGHTCODE,AIRLINECODE,ARR_TIME,DEP_TIME,COST) values ('SI1225','HL7604','GMP_CJU','12:00','13:05',58000);
Insert into SCHEDULE (SCHEDULECODE,FLIGHTCODE,AIRLINECODE,ARR_TIME,DEP_TIME,COST) values ('SI1226','HL7610','CJU_GMP','13:00','14:05',58000);
Insert into SCHEDULE (SCHEDULECODE,FLIGHTCODE,AIRLINECODE,ARR_TIME,DEP_TIME,COST) values ('SI1227','HL7607','GMP_CJU','13:00','14:05',58000);
Insert into SCHEDULE (SCHEDULECODE,FLIGHTCODE,AIRLINECODE,ARR_TIME,DEP_TIME,COST) values ('SI1228','HL7608','CJU_GMP','14:00','15:05',46400);
Insert into SCHEDULE (SCHEDULECODE,FLIGHTCODE,AIRLINECODE,ARR_TIME,DEP_TIME,COST) values ('SI1229','HL7603','GMP_CJU','14:00','15:05',46400);
Insert into SCHEDULE (SCHEDULECODE,FLIGHTCODE,AIRLINECODE,ARR_TIME,DEP_TIME,COST) values ('SI1230','HL7604','CJU_GMP','15:00','16:05',46400);
Insert into SCHEDULE (SCHEDULECODE,FLIGHTCODE,AIRLINECODE,ARR_TIME,DEP_TIME,COST) values ('SI1231','HL7609','GMP_CJU','15:00','16:05',46400);
Insert into SCHEDULE (SCHEDULECODE,FLIGHTCODE,AIRLINECODE,ARR_TIME,DEP_TIME,COST) values ('SI1232','HL7607','CJU_GMP','16:00','17:05',46400);
Insert into SCHEDULE (SCHEDULECODE,FLIGHTCODE,AIRLINECODE,ARR_TIME,DEP_TIME,COST) values ('SI1233','HL7610','GMP_CJU','16:00','17:05',46400);
Insert into SCHEDULE (SCHEDULECODE,FLIGHTCODE,AIRLINECODE,ARR_TIME,DEP_TIME,COST) values ('SI1234','HL7603','CJU_GMP','17:00','18:05',58000);
Insert into SCHEDULE (SCHEDULECODE,FLIGHTCODE,AIRLINECODE,ARR_TIME,DEP_TIME,COST) values ('SI1235','HL7608','GMP_CJU','17:00','18:05',58000);
Insert into SCHEDULE (SCHEDULECODE,FLIGHTCODE,AIRLINECODE,ARR_TIME,DEP_TIME,COST) values ('SI1236','HL7609','CJU_GMP','18:00','19:05',52200);
Insert into SCHEDULE (SCHEDULECODE,FLIGHTCODE,AIRLINECODE,ARR_TIME,DEP_TIME,COST) values ('SI1237','HL7604','GMP_CJU','18:00','19:05',52200);
Insert into SCHEDULE (SCHEDULECODE,FLIGHTCODE,AIRLINECODE,ARR_TIME,DEP_TIME,COST) values ('SI1238','HL7610','CJU_GMP','19:00','20:05',52200);
Insert into SCHEDULE (SCHEDULECODE,FLIGHTCODE,AIRLINECODE,ARR_TIME,DEP_TIME,COST) values ('SI1239','HL7607','GMP_CJU','19:00','20:05',52200);
Insert into SCHEDULE (SCHEDULECODE,FLIGHTCODE,AIRLINECODE,ARR_TIME,DEP_TIME,COST) values ('SI1240','HL7608','CJU_GMP','20:00','21:05',52200);

update airport set name='김포' where name='김포국제공항';
update airport set name='제주' where name='제주국제공항';
update airport set name='김해' where name='김해국제공항';

update schedule set cost = 52000 where airlinecode='GMP_PUS';
update schedule set cost = 52000 where airlinecode='PUS_GMP';
update schedule set cost = 52000 * 0.85 where airlinecode='PUS_GMP' and arr_time <= '10:00';
update schedule set cost = 52000 * 0.85 where airlinecode='GMP_PUS' and arr_time <= '10:00';
update schedule set cost = 52000 * 0.9 where airlinecode='GMP_PUS' and arr_time >= '18:00';
update schedule set cost = 52000 * 0.9 where airlinecode='PUS_GMP' and arr_time >= '18:00';
update schedule set cost = 52000 * 0.8 where airlinecode='PUS_GMP' and arr_time >= '14:00' and arr_time <= '16:00';
update schedule set cost = 52000 * 0.8 where airlinecode='GMP_PUS' and arr_time >= '14:00' and arr_time <= '16:00';
update schedule set cost = 58000 where airlinecode='GMP_CJU';
update schedule set cost = 58000 where airlinecode='CJU_GMP';
update schedule set cost = 52000 * 0.85 where airlinecode='CJU_GMP' and arr_time <= '10:00';
update schedule set cost = 58000 * 0.85 where airlinecode='GMP_CUS' and arr_time <= '10:00';
update schedule set cost = 58000 * 0.85 where airlinecode='GMP_CJU' and arr_time <= '10:00';
update schedule set cost = 58000 * 0.85 where airlinecode='CJU_GMP' and arr_time <= '10:00';
update schedule set cost = 58000 * 0.9 where airlinecode='GMP_CJU' and arr_time >= '18:00';
update schedule set cost = 58000 * 0.9 where airlinecode='CJU_GMP' and arr_time >= '18:00';
update schedule set cost = 58000 * 0.8 where airlinecode='GMP_CJU' and arr_time >= '14:00' and arr_time <= '16:00';
update schedule set cost = 58000 * 0.8 where airlinecode='CJU_GMP' and arr_time >= '14:00' and arr_time <= '16:00';


-----------------------------------------------------------------------------

alter table reserve add plan varchar2(30);
alter table reserve add departure varchar2(30);
alter table reserve add arrival varchar2(30);
ALTER TABLE MEMBERS RENAME COLUMN MBMILIEGE TO MBMILEAGE;
ALTER TABLE MEMBERS MODIFY(MBMILEAGE NUMBER(10));



CREATE TABLE "OOP"."TEMP_MIL" 
   (   "TICKETNUM" VARCHAR2(10 BYTE), 
   "RESERVENUM" VARCHAR2(10 BYTE), 
   "MBNUM" VARCHAR2(10 BYTE), 
   "TMILEAGE" VARCHAR2(10 BYTE), 
   "BOARDGMIL" VARCHAR2(4 BYTE), 
   "DEPARTUREDATE" DATE
   ) ;

 CREATE TABLE FAQBBS(
  FAQNO VARCHAR2(30)PRIMARY KEY,
  FAQTITLE VARCHAR2(70),
  FAQANSWER VARCHAR2(150)
);

CREATE SEQUENCE FAQNO_auto
START WITH 1 INCREMENT BY 1 MAXVALUE 99999999;
	
	
	
ALTER TABLE SCHEDULE ADD EX VARCHAR2(20);
UPDATE SCHEDULE SET EX = ARR_TIME;
UPDATE SCHEDULE SET ARR_TIME = DEP_TIME;
UPDATE SCHEDULE SET DEP_TIME = EX;   
ALTER TABLE SCHEDULE DROP COLUMN EX;
	
	
	
  